Section Long name,Short name,Moto?,Intro?,End-of-intro: type,End-of-intro: text
"פסוקים כמושגים ובטויי ומושגי חז""ל וקדמונים",פסוקים,yes,,,
מונחי קבלה ונסתר,קבלה,,yes,heading_letter,א
אותיות,אותיות,,yes,subject_normal,"אל""ף"
מדרגות והערכות אישיותיות,מדרגות אישיות,,,,
"מדתם ועניינם הרוחני של אישי התנ""ך","אישי התנ""ך",,,,
הכרה והשכלה והפכן,הכרה והשכלה,,,,
גוף האדם אבריו ותנועותיו,גוף האדם,,,,
מצוות הלכות מנהגים וטעמיהן ,מצוות,,,,
שמות כינויים ותארים אלהיים,שמות אלהיים,,,,
שני מכתבים לברור דברים בשיטת הרב,מחקרים,,,,
